Parametro,Valor,LCOE
capital_cost,800000.0,0.0761385723252365
capital_cost,900000.0,0.08050621389388421
capital_cost,1000000.0,0.0848738554625319
capital_cost,1100000.0,0.08924149703117959
capital_cost,1200000.0,0.0936091385998273
fixed_operating_cost,30000.0,0.07239487955210992
fixed_operating_cost,40000.0,0.0786343675073209
fixed_operating_cost,50000.0,0.0848738554625319
fixed_operating_cost,60000.0,0.0911133434177429
fixed_operating_cost,70000.0,0.09735283137295388
variable_operating_cost,0.005,0.07987385546253191
variable_operating_cost,0.0075,0.0823738554625319
variable_operating_cost,0.009999999999999998,0.0848738554625319
variable_operating_cost,0.012499999999999999,0.0873738554625319
variable_operating_cost,0.015,0.0898738554625319
fixed_charge_rate,0.05,0.07239487955210992
fixed_charge_rate,0.06,0.0786343675073209
fixed_charge_rate,0.07,0.0848738554625319
fixed_charge_rate,0.08,0.0911133434177429
fixed_charge_rate,0.09,0.09735283137295388
dc_ac_ratio,1.1,0.0849368592839755
dc_ac_ratio,1.1500000000000001,0.08490110480645997
dc_ac_ratio,1.2000000000000002,0.0848738554625319
dc_ac_ratio,1.25,0.08487827636520576
dc_ac_ratio,1.3,0.08496804287540777
losses,10.0,0.08155499854823207
losses,12.0,0.08316791190301445
losses,14.0,0.0848738554625319
losses,16.0,0.08666998821928854
losses,18.0,0.08855901117372304
