Parametro,Valor,LCOE
capital_cost,2500000.0,0.19742427229318585
capital_cost,2750000.0,0.20871490780275223
capital_cost,3000000.0,0.2200055433123186
capital_cost,3250000.0,0.23129617882188497
capital_cost,3500000.0,0.24258681433145135
fixed_operating_cost,80000.0,0.20710195987281418
fixed_operating_cost,90000.0,0.2135537515925664
fixed_operating_cost,100000.0,0.2200055433123186
fixed_operating_cost,110000.0,0.22645733503207083
fixed_operating_cost,120000.0,0.23290912675182301
variable_operating_cost,0.015,0.21500554331231864
variable_operating_cost,0.0175,0.21750554331231864
variable_operating_cost,0.02,0.2200055433123186
variable_operating_cost,0.0225,0.22250554331231862
variable_operating_cost,0.025,0.22500554331231862
fixed_charge_rate,0.05,0.18129479299380533
fixed_charge_rate,0.06,0.20065016815306197
fixed_charge_rate,0.07,0.2200055433123186
fixed_charge_rate,0.08,0.23936091847157523
fixed_charge_rate,0.09,0.2587162936308319
dc_ac_ratio,1.1,0.22020079654479807
dc_ac_ratio,1.1500000000000001,0.2200989007065354
dc_ac_ratio,1.2000000000000002,0.2200055433123186
dc_ac_ratio,1.25,0.219919687685685
dc_ac_ratio,1.3,0.2198404910313123
losses,12.0,0.21082125767274293
losses,14.0,0.21530549236809537
losses,16.0,0.2200055433123186
losses,18.0,0.22493736780308474
losses,20.0,0.23011855610650692
